timestamp,raw,buttons,analogs
2026-05-16T12:23:29.887,02000100000000000000000000000000000000000000000000000000000000000000000000000000000000000000000000000000000000000000000000000000,"0,1,0,0","0,1,0,0"
2026-05-16T12:23:29.887,02000000000000000000000000000000000000000000000000000000000000000000000000000000000000000000000000000000000000000000000000000000,"0,1,0,0","0,0,0,0"
2026-05-16T12:23:33.893,02000100000000000000000000000000000000000000000000000000000000000000000000000000000000000000000000000000000000000000000000000000,"0,1,0,0","0,1,0,0"
2026-05-16T12:23:34.093,02000000000000000000000000000000000000000000000000000000000000000000000000000000000000000000000000000000000000000000000000000000,"0,1,0,0","0,0,0,0"
2026-05-16T12:23:49.415,02010100000000000000000000000000000000000000000000000000000000000000000000000000000000000000000000000000000000000000000000000000,"0,1,0,0","1,1,0,0"
2026-05-16T12:23:49.615,02010000000000000000000000000000000000000000000000000000000000000000000000000000000000000000000000000000000000000000000000000000,"0,1,0,0","1,0,0,0"
2026-05-16T12:24:02.642,02020100000000000000000000000000000000000000000000000000000000000000000000000000000000000000000000000000000000000000000000000000,"0,1,0,0","2,1,0,0"
2026-05-16T12:24:02.843,02020000000000000000000000000000000000000000000000000000000000000000000000000000000000000000000000000000000000000000000000000000,"0,1,0,0","2,0,0,0"
2026-05-16T12:24:15.373,02030100000000000000000000000000000000000000000000000000000000000000000000000000000000000000000000000000000000000000000000000000,"0,1,0,0","3,1,0,0"
2026-05-16T12:24:15.573,02030000000000000000000000000000000000000000000000000000000000000000000000000000000000000000000000000000000000000000000000000000,"0,1,0,0","3,0,0,0"
2026-05-16T12:24:27.693,02010100000000000000000000000000000000000000000000000000000000000000000000000000000000000000000000000000000000000000000000000000,"0,1,0,0","1,1,0,0"
2026-05-16T12:24:27.793,02010000000000000000000000000000000000000000000000000000000000000000000000000000000000000000000000000000000000000000000000000000,"0,1,0,0","1,0,0,0"
2026-05-16T12:24:28.995,02000100000000000000000000000000000000000000000000000000000000000000000000000000000000000000000000000000000000000000000000000000,"0,1,0,0","0,1,0,0"
2026-05-16T12:24:29.095,02000000000000000000000000000000000000000000000000000000000000000000000000000000000000000000000000000000000000000000000000000000,"0,1,0,0","0,0,0,0"
2026-05-16T12:24:29.796,02020100000000000000000000000000000000000000000000000000000000000000000000000000000000000000000000000000000000000000000000000000,"0,1,0,0","2,1,0,0"
2026-05-16T12:24:29.896,02020000000000000000000000000000000000000000000000000000000000000000000000000000000000000000000000000000000000000000000000000000,"0,1,0,0","2,0,0,0"
2026-05-16T12:24:30.597,02030100000000000000000000000000000000000000000000000000000000000000000000000000000000000000000000000000000000000000000000000000,"0,1,0,0","3,1,0,0"
2026-05-16T12:24:30.698,02030000000000000000000000000000000000000000000000000000000000000000000000000000000000000000000000000000000000000000000000000000,"0,1,0,0","3,0,0,0"
2026-05-16T12:24:35.303,01000100000000000000000000000000000000000000000000000000000000000000000000000000000000000000000000000000000000000000000000000000,"1,0,0,0","0,1,0,0"
2026-05-16T12:24:35.303,01000200000000000000000000000000000000000000000000000000000000000000000000000000000000000000000000000000000000000000000000000000,"1,0,0,0","0,2,0,0"
2026-05-16T12:24:35.303,01000300000000000000000000000000000000000000000000000000000000000000000000000000000000000000000000000000000000000000000000000000,"1,0,0,0","0,3,0,0"
2026-05-16T12:24:35.303,01000400000000000000000000000000000000000000000000000000000000000000000000000000000000000000000000000000000000000000000000000000,"1,0,0,0","0,4,0,0"
2026-05-16T12:24:35.303,01000500000000000000000000000000000000000000000000000000000000000000000000000000000000000000000000000000000000000000000000000000,"1,0,0,0","0,5,0,0"
2026-05-16T12:24:35.304,01000600000000000000000000000000000000000000000000000000000000000000000000000000000000000000000000000000000000000000000000000000,"1,0,0,0","0,6,0,0"
2026-05-16T12:24:35.304,01000700000000000000000000000000000000000000000000000000000000000000000000000000000000000000000000000000000000000000000000000000,"1,0,0,0","0,7,0,0"
2026-05-16T12:24:35.304,01000800000000000000000000000000000000000000000000000000000000000000000000000000000000000000000000000000000000000000000000000000,"1,0,0,0","0,8,0,0"
2026-05-16T12:24:35.304,01000900000000000000000000000000000000000000000000000000000000000000000000000000000000000000000000000000000000000000000000000000,"1,0,0,0","0,9,0,0"
2026-05-16T12:24:35.304,01000a00000000000000000000000000000000000000000000000000000000000000000000000000000000000000000000000000000000000000000000000000,"1,0,0,0","0,10,0,0"
2026-05-16T12:24:35.304,01000b00000000000000000000000000000000000000000000000000000000000000000000000000000000000000000000000000000000000000000000000000,"1,0,0,0","0,11,0,0"
2026-05-16T12:24:35.304,01000c00000000000000000000000000000000000000000000000000000000000000000000000000000000000000000000000000000000000000000000000000,"1,0,0,0","0,12,0,0"
2026-05-16T12:24:35.304,01000d00000000000000000000000000000000000000000000000000000000000000000000000000000000000000000000000000000000000000000000000000,"1,0,0,0","0,13,0,0"
2026-05-16T12:24:35.304,01000e00000000000000000000000000000000000000000000000000000000000000000000000000000000000000000000000000000000000000000000000000,"1,0,0,0","0,14,0,0"
2026-05-16T12:24:35.304,01000f00000000000000000000000000000000000000000000000000000000000000000000000000000000000000000000000000000000000000000000000000,"1,0,0,0","0,15,0,0"
2026-05-16T12:24:35.304,01001000000000000000000000000000000000000000000000000000000000000000000000000000000000000000000000000000000000000000000000000000,"1,0,0,0","0,16,0,0"
2026-05-16T12:24:35.304,01001100000000000000000000000000000000000000000000000000000000000000000000000000000000000000000000000000000000000000000000000000,"1,0,0,0","0,17,0,0"
2026-05-16T12:24:35.304,01001200000000000000000000000000000000000000000000000000000000000000000000000000000000000000000000000000000000000000000000000000,"1,0,0,0","0,18,0,0"
2026-05-16T12:24:35.304,01001300000000000000000000000000000000000000000000000000000000000000000000000000000000000000000000000000000000000000000000000000,"1,0,0,0","0,19,0,0"
2026-05-16T12:24:35.304,01001400000000000000000000000000000000000000000000000000000000000000000000000000000000000000000000000000000000000000000000000000,"1,0,0,0","0,20,0,0"
2026-05-16T12:24:35.304,01001500000000000000000000000000000000000000000000000000000000000000000000000000000000000000000000000000000000000000000000000000,"1,0,0,0","0,21,0,0"
2026-05-16T12:24:35.304,01001600000000000000000000000000000000000000000000000000000000000000000000000000000000000000000000000000000000000000000000000000,"1,0,0,0","0,22,0,0"
2026-05-16T12:24:35.304,01001700000000000000000000000000000000000000000000000000000000000000000000000000000000000000000000000000000000000000000000000000,"1,0,0,0","0,23,0,0"
2026-05-16T12:24:35.404,01001800000000000000000000000000000000000000000000000000000000000000000000000000000000000000000000000000000000000000000000000000,"1,0,0,0","0,24,0,0"
2026-05-16T12:24:35.404,01001900000000000000000000000000000000000000000000000000000000000000000000000000000000000000000000000000000000000000000000000000,"1,0,0,0","0,25,0,0"
2026-05-16T12:24:35.404,01001a00000000000000000000000000000000000000000000000000000000000000000000000000000000000000000000000000000000000000000000000000,"1,0,0,0","0,26,0,0"
2026-05-16T12:24:35.404,01001b00000000000000000000000000000000000000000000000000000000000000000000000000000000000000000000000000000000000000000000000000,"1,0,0,0","0,27,0,0"
2026-05-16T12:24:35.404,01001c00000000000000000000000000000000000000000000000000000000000000000000000000000000000000000000000000000000000000000000000000,"1,0,0,0","0,28,0,0"
2026-05-16T12:24:35.404,01001d00000000000000000000000000000000000000000000000000000000000000000000000000000000000000000000000000000000000000000000000000,"1,0,0,0","0,29,0,0"
2026-05-16T12:24:35.404,01001e00000000000000000000000000000000000000000000000000000000000000000000000000000000000000000000000000000000000000000000000000,"1,0,0,0","0,30,0,0"
2026-05-16T12:24:35.404,01001f00000000000000000000000000000000000000000000000000000000000000000000000000000000000000000000000000000000000000000000000000,"1,0,0,0","0,31,0,0"
2026-05-16T12:24:35.404,01002000000000000000000000000000000000000000000000000000000000000000000000000000000000000000000000000000000000000000000000000000,"1,0,0,0","0,32,0,0"
2026-05-16T12:24:35.404,01002100000000000000000000000000000000000000000000000000000000000000000000000000000000000000000000000000000000000000000000000000,"1,0,0,0","0,33,0,0"
2026-05-16T12:24:35.404,01002200000000000000000000000000000000000000000000000000000000000000000000000000000000000000000000000000000000000000000000000000,"1,0,0,0","0,34,0,0"
2026-05-16T12:24:35.404,01002300000000000000000000000000000000000000000000000000000000000000000000000000000000000000000000000000000000000000000000000000,"1,0,0,0","0,35,0,0"
2026-05-16T12:24:35.404,01002400000000000000000000000000000000000000000000000000000000000000000000000000000000000000000000000000000000000000000000000000,"1,0,0,0","0,36,0,0"
2026-05-16T12:24:35.405,01002500000000000000000000000000000000000000000000000000000000000000000000000000000000000000000000000000000000000000000000000000,"1,0,0,0","0,37,0,0"
2026-05-16T12:24:35.405,01002600000000000000000000000000000000000000000000000000000000000000000000000000000000000000000000000000000000000000000000000000,"1,0,0,0","0,38,0,0"
2026-05-16T12:24:35.405,01002700000000000000000000000000000000000000000000000000000000000000000000000000000000000000000000000000000000000000000000000000,"1,0,0,0","0,39,0,0"
2026-05-16T12:24:35.405,01002800000000000000000000000000000000000000000000000000000000000000000000000000000000000000000000000000000000000000000000000000,"1,0,0,0","0,40,0,0"
2026-05-16T12:24:35.405,01002900000000000000000000000000000000000000000000000000000000000000000000000000000000000000000000000000000000000000000000000000,"1,0,0,0","0,41,0,0"
2026-05-16T12:24:35.405,01002a00000000000000000000000000000000000000000000000000000000000000000000000000000000000000000000000000000000000000000000000000,"1,0,0,0","0,42,0,0"
2026-05-16T12:24:35.405,01002b00000000000000000000000000000000000000000000000000000000000000000000000000000000000000000000000000000000000000000000000000,"1,0,0,0","0,43,0,0"
2026-05-16T12:24:35.405,01002c00000000000000000000000000000000000000000000000000000000000000000000000000000000000000000000000000000000000000000000000000,"1,0,0,0","0,44,0,0"
2026-05-16T12:24:35.405,01002d00000000000000000000000000000000000000000000000000000000000000000000000000000000000000000000000000000000000000000000000000,"1,0,0,0","0,45,0,0"
2026-05-16T12:24:35.405,01002e00000000000000000000000000000000000000000000000000000000000000000000000000000000000000000000000000000000000000000000000000,"1,0,0,0","0,46,0,0"
2026-05-16T12:24:35.405,01002f00000000000000000000000000000000000000000000000000000000000000000000000000000000000000000000000000000000000000000000000000,"1,0,0,0","0,47,0,0"
2026-05-16T12:24:35.405,01003000000000000000000000000000000000000000000000000000000000000000000000000000000000000000000000000000000000000000000000000000,"1,0,0,0","0,48,0,0"
2026-05-16T12:24:35.405,01003100000000000000000000000000000000000000000000000000000000000000000000000000000000000000000000000000000000000000000000000000,"1,0,0,0","0,49,0,0"
2026-05-16T12:24:35.505,01003200000000000000000000000000000000000000000000000000000000000000000000000000000000000000000000000000000000000000000000000000,"1,0,0,0","0,50,0,0"
2026-05-16T12:24:35.505,01003300000000000000000000000000000000000000000000000000000000000000000000000000000000000000000000000000000000000000000000000000,"1,0,0,0","0,51,0,0"
2026-05-16T12:24:35.505,01003400000000000000000000000000000000000000000000000000000000000000000000000000000000000000000000000000000000000000000000000000,"1,0,0,0","0,52,0,0"
2026-05-16T12:24:35.505,01003500000000000000000000000000000000000000000000000000000000000000000000000000000000000000000000000000000000000000000000000000,"1,0,0,0","0,53,0,0"
2026-05-16T12:24:35.505,01003600000000000000000000000000000000000000000000000000000000000000000000000000000000000000000000000000000000000000000000000000,"1,0,0,0","0,54,0,0"
2026-05-16T12:24:35.505,01003700000000000000000000000000000000000000000000000000000000000000000000000000000000000000000000000000000000000000000000000000,"1,0,0,0","0,55,0,0"
2026-05-16T12:24:35.505,01003800000000000000000000000000000000000000000000000000000000000000000000000000000000000000000000000000000000000000000000000000,"1,0,0,0","0,56,0,0"
2026-05-16T12:24:35.505,01003900000000000000000000000000000000000000000000000000000000000000000000000000000000000000000000000000000000000000000000000000,"1,0,0,0","0,57,0,0"
2026-05-16T12:24:35.505,01003a00000000000000000000000000000000000000000000000000000000000000000000000000000000000000000000000000000000000000000000000000,"1,0,0,0","0,58,0,0"
2026-05-16T12:24:35.505,01003b00000000000000000000000000000000000000000000000000000000000000000000000000000000000000000000000000000000000000000000000000,"1,0,0,0","0,59,0,0"
2026-05-16T12:24:35.505,01003c00000000000000000000000000000000000000000000000000000000000000000000000000000000000000000000000000000000000000000000000000,"1,0,0,0","0,60,0,0"
2026-05-16T12:24:35.505,01003d00000000000000000000000000000000000000000000000000000000000000000000000000000000000000000000000000000000000000000000000000,"1,0,0,0","0,61,0,0"
2026-05-16T12:24:35.505,01003e00000000000000000000000000000000000000000000000000000000000000000000000000000000000000000000000000000000000000000000000000,"1,0,0,0","0,62,0,0"
2026-05-16T12:24:35.505,01003f00000000000000000000000000000000000000000000000000000000000000000000000000000000000000000000000000000000000000000000000000,"1,0,0,0","0,63,0,0"
2026-05-16T12:24:35.505,01004000000000000000000000000000000000000000000000000000000000000000000000000000000000000000000000000000000000000000000000000000,"1,0,0,0","0,64,0,0"
2026-05-16T12:24:35.505,01004100000000000000000000000000000000000000000000000000000000000000000000000000000000000000000000000000000000000000000000000000,"1,0,0,0","0,65,0,0"
2026-05-16T12:24:35.505,01004200000000000000000000000000000000000000000000000000000000000000000000000000000000000000000000000000000000000000000000000000,"1,0,0,0","0,66,0,0"
2026-05-16T12:24:35.505,01004300000000000000000000000000000000000000000000000000000000000000000000000000000000000000000000000000000000000000000000000000,"1,0,0,0","0,67,0,0"
2026-05-16T12:24:35.505,01004400000000000000000000000000000000000000000000000000000000000000000000000000000000000000000000000000000000000000000000000000,"1,0,0,0","0,68,0,0"
2026-05-16T12:24:35.606,01004500000000000000000000000000000000000000000000000000000000000000000000000000000000000000000000000000000000000000000000000000,"1,0,0,0","0,69,0,0"
2026-05-16T12:24:35.606,01004600000000000000000000000000000000000000000000000000000000000000000000000000000000000000000000000000000000000000000000000000,"1,0,0,0","0,70,0,0"
2026-05-16T12:24:35.606,01004700000000000000000000000000000000000000000000000000000000000000000000000000000000000000000000000000000000000000000000000000,"1,0,0,0","0,71,0,0"
2026-05-16T12:24:35.606,01004800000000000000000000000000000000000000000000000000000000000000000000000000000000000000000000000000000000000000000000000000,"1,0,0,0","0,72,0,0"
2026-05-16T12:24:35.606,01004900000000000000000000000000000000000000000000000000000000000000000000000000000000000000000000000000000000000000000000000000,"1,0,0,0","0,73,0,0"
2026-05-16T12:24:35.606,01004a00000000000000000000000000000000000000000000000000000000000000000000000000000000000000000000000000000000000000000000000000,"1,0,0,0","0,74,0,0"
2026-05-16T12:24:35.606,01004b00000000000000000000000000000000000000000000000000000000000000000000000000000000000000000000000000000000000000000000000000,"1,0,0,0","0,75,0,0"
2026-05-16T12:24:35.606,01004c00000000000000000000000000000000000000000000000000000000000000000000000000000000000000000000000000000000000000000000000000,"1,0,0,0","0,76,0,0"
2026-05-16T12:24:35.606,01004d00000000000000000000000000000000000000000000000000000000000000000000000000000000000000000000000000000000000000000000000000,"1,0,0,0","0,77,0,0"
2026-05-16T12:24:35.606,01004e00000000000000000000000000000000000000000000000000000000000000000000000000000000000000000000000000000000000000000000000000,"1,0,0,0","0,78,0,0"
2026-05-16T12:24:35.606,01004f00000000000000000000000000000000000000000000000000000000000000000000000000000000000000000000000000000000000000000000000000,"1,0,0,0","0,79,0,0"
2026-05-16T12:24:35.606,01005000000000000000000000000000000000000000000000000000000000000000000000000000000000000000000000000000000000000000000000000000,"1,0,0,0","0,80,0,0"
2026-05-16T12:24:35.606,01005100000000000000000000000000000000000000000000000000000000000000000000000000000000000000000000000000000000000000000000000000,"1,0,0,0","0,81,0,0"
2026-05-16T12:24:35.606,01005200000000000000000000000000000000000000000000000000000000000000000000000000000000000000000000000000000000000000000000000000,"1,0,0,0","0,82,0,0"
2026-05-16T12:24:35.606,01005300000000000000000000000000000000000000000000000000000000000000000000000000000000000000000000000000000000000000000000000000,"1,0,0,0","0,83,0,0"
2026-05-16T12:24:35.606,01005500000000000000000000000000000000000000000000000000000000000000000000000000000000000000000000000000000000000000000000000000,"1,0,0,0","0,85,0,0"
2026-05-16T12:24:35.606,01005600000000000000000000000000000000000000000000000000000000000000000000000000000000000000000000000000000000000000000000000000,"1,0,0,0","0,86,0,0"
2026-05-16T12:24:35.606,01005700000000000000000000000000000000000000000000000000000000000000000000000000000000000000000000000000000000000000000000000000,"1,0,0,0","0,87,0,0"
2026-05-16T12:24:35.606,01005800000000000000000000000000000000000000000000000000000000000000000000000000000000000000000000000000000000000000000000000000,"1,0,0,0","0,88,0,0"
2026-05-16T12:24:35.606,01005900000000000000000000000000000000000000000000000000000000000000000000000000000000000000000000000000000000000000000000000000,"1,0,0,0","0,89,0,0"
2026-05-16T12:24:35.606,01005a00000000000000000000000000000000000000000000000000000000000000000000000000000000000000000000000000000000000000000000000000,"1,0,0,0","0,90,0,0"
2026-05-16T12:24:35.606,01005b00000000000000000000000000000000000000000000000000000000000000000000000000000000000000000000000000000000000000000000000000,"1,0,0,0","0,91,0,0"
2026-05-16T12:24:35.606,01005c00000000000000000000000000000000000000000000000000000000000000000000000000000000000000000000000000000000000000000000000000,"1,0,0,0","0,92,0,0"
2026-05-16T12:24:35.606,01005d00000000000000000000000000000000000000000000000000000000000000000000000000000000000000000000000000000000000000000000000000,"1,0,0,0","0,93,0,0"
2026-05-16T12:24:35.606,01005e00000000000000000000000000000000000000000000000000000000000000000000000000000000000000000000000000000000000000000000000000,"1,0,0,0","0,94,0,0"
2026-05-16T12:24:35.606,01005f00000000000000000000000000000000000000000000000000000000000000000000000000000000000000000000000000000000000000000000000000,"1,0,0,0","0,95,0,0"
2026-05-16T12:24:35.606,01006000000000000000000000000000000000000000000000000000000000000000000000000000000000000000000000000000000000000000000000000000,"1,0,0,0","0,96,0,0"
2026-05-16T12:24:35.606,01006100000000000000000000000000000000000000000000000000000000000000000000000000000000000000000000000000000000000000000000000000,"1,0,0,0","0,97,0,0"
2026-05-16T12:24:35.606,01006200000000000000000000000000000000000000000000000000000000000000000000000000000000000000000000000000000000000000000000000000,"1,0,0,0","0,98,0,0"
2026-05-16T12:24:35.606,01006300000000000000000000000000000000000000000000000000000000000000000000000000000000000000000000000000000000000000000000000000,"1,0,0,0","0,99,0,0"
2026-05-16T12:24:35.606,01006400000000000000000000000000000000000000000000000000000000000000000000000000000000000000000000000000000000000000000000000000,"1,0,0,0","0,100,0,0"
2026-05-16T12:24:35.606,01006600000000000000000000000000000000000000000000000000000000000000000000000000000000000000000000000000000000000000000000000000,"1,0,0,0","0,102,0,0"
2026-05-16T12:24:35.606,01006700000000000000000000000000000000000000000000000000000000000000000000000000000000000000000000000000000000000000000000000000,"1,0,0,0","0,103,0,0"
2026-05-16T12:24:35.606,01006800000000000000000000000000000000000000000000000000000000000000000000000000000000000000000000000000000000000000000000000000,"1,0,0,0","0,104,0,0"
2026-05-16T12:24:35.606,01006900000000000000000000000000000000000000000000000000000000000000000000000000000000000000000000000000000000000000000000000000,"1,0,0,0","0,105,0,0"
2026-05-16T12:24:35.606,01006a00000000000000000000000000000000000000000000000000000000000000000000000000000000000000000000000000000000000000000000000000,"1,0,0,0","0,106,0,0"
2026-05-16T12:24:35.606,01006b00000000000000000000000000000000000000000000000000000000000000000000000000000000000000000000000000000000000000000000000000,"1,0,0,0","0,107,0,0"
2026-05-16T12:24:35.606,01006c00000000000000000000000000000000000000000000000000000000000000000000000000000000000000000000000000000000000000000000000000,"1,0,0,0","0,108,0,0"
2026-05-16T12:24:35.606,01006d00000000000000000000000000000000000000000000000000000000000000000000000000000000000000000000000000000000000000000000000000,"1,0,0,0","0,109,0,0"
2026-05-16T12:24:35.606,01006e00000000000000000000000000000000000000000000000000000000000000000000000000000000000000000000000000000000000000000000000000,"1,0,0,0","0,110,0,0"
2026-05-16T12:24:35.606,01006f00000000000000000000000000000000000000000000000000000000000000000000000000000000000000000000000000000000000000000000000000,"1,0,0,0","0,111,0,0"
2026-05-16T12:24:35.606,01007000000000000000000000000000000000000000000000000000000000000000000000000000000000000000000000000000000000000000000000000000,"1,0,0,0","0,112,0,0"
2026-05-16T12:24:35.606,01007100000000000000000000000000000000000000000000000000000000000000000000000000000000000000000000000000000000000000000000000000,"1,0,0,0","0,113,0,0"
2026-05-16T12:24:35.606,01007200000000000000000000000000000000000000000000000000000000000000000000000000000000000000000000000000000000000000000000000000,"1,0,0,0","0,114,0,0"
2026-05-16T12:24:35.606,01007300000000000000000000000000000000000000000000000000000000000000000000000000000000000000000000000000000000000000000000000000,"1,0,0,0","0,115,0,0"
2026-05-16T12:24:35.707,01007400000000000000000000000000000000000000000000000000000000000000000000000000000000000000000000000000000000000000000000000000,"1,0,0,0","0,116,0,0"
2026-05-16T12:24:35.707,01007500000000000000000000000000000000000000000000000000000000000000000000000000000000000000000000000000000000000000000000000000,"1,0,0,0","0,117,0,0"
2026-05-16T12:24:35.707,01007600000000000000000000000000000000000000000000000000000000000000000000000000000000000000000000000000000000000000000000000000,"1,0,0,0","0,118,0,0"
2026-05-16T12:24:35.707,01007700000000000000000000000000000000000000000000000000000000000000000000000000000000000000000000000000000000000000000000000000,"1,0,0,0","0,119,0,0"
2026-05-16T12:24:35.707,01007800000000000000000000000000000000000000000000000000000000000000000000000000000000000000000000000000000000000000000000000000,"1,0,0,0","0,120,0,0"
2026-05-16T12:24:35.707,01007900000000000000000000000000000000000000000000000000000000000000000000000000000000000000000000000000000000000000000000000000,"1,0,0,0","0,121,0,0"
2026-05-16T12:24:35.707,01007a00000000000000000000000000000000000000000000000000000000000000000000000000000000000000000000000000000000000000000000000000,"1,0,0,0","0,122,0,0"
2026-05-16T12:24:35.707,01007b00000000000000000000000000000000000000000000000000000000000000000000000000000000000000000000000000000000000000000000000000,"1,0,0,0","0,123,0,0"
2026-05-16T12:24:35.707,01007c00000000000000000000000000000000000000000000000000000000000000000000000000000000000000000000000000000000000000000000000000,"1,0,0,0","0,124,0,0"
2026-05-16T12:24:35.707,01007d00000000000000000000000000000000000000000000000000000000000000000000000000000000000000000000000000000000000000000000000000,"1,0,0,0","0,125,0,0"
2026-05-16T12:24:35.707,01007e00000000000000000000000000000000000000000000000000000000000000000000000000000000000000000000000000000000000000000000000000,"1,0,0,0","0,126,0,0"
2026-05-16T12:24:35.707,01007f00000000000000000000000000000000000000000000000000000000000000000000000000000000000000000000000000000000000000000000000000,"1,0,0,0","0,127,0,0"
2026-05-16T12:24:35.707,01008000000000000000000000000000000000000000000000000000000000000000000000000000000000000000000000000000000000000000000000000000,"1,0,0,0","0,128,0,0"
2026-05-16T12:24:35.707,01008100000000000000000000000000000000000000000000000000000000000000000000000000000000000000000000000000000000000000000000000000,"1,0,0,0","0,129,0,0"
2026-05-16T12:24:35.707,01008200000000000000000000000000000000000000000000000000000000000000000000000000000000000000000000000000000000000000000000000000,"1,0,0,0","0,130,0,0"
2026-05-16T12:24:35.707,01008300000000000000000000000000000000000000000000000000000000000000000000000000000000000000000000000000000000000000000000000000,"1,0,0,0","0,131,0,0"
2026-05-16T12:24:35.707,01008400000000000000000000000000000000000000000000000000000000000000000000000000000000000000000000000000000000000000000000000000,"1,0,0,0","0,132,0,0"
2026-05-16T12:24:35.707,01008500000000000000000000000000000000000000000000000000000000000000000000000000000000000000000000000000000000000000000000000000,"1,0,0,0","0,133,0,0"
2026-05-16T12:24:35.707,01008600000000000000000000000000000000000000000000000000000000000000000000000000000000000000000000000000000000000000000000000000,"1,0,0,0","0,134,0,0"
2026-05-16T12:24:35.707,01008700000000000000000000000000000000000000000000000000000000000000000000000000000000000000000000000000000000000000000000000000,"1,0,0,0","0,135,0,0"
2026-05-16T12:24:35.707,01008800000000000000000000000000000000000000000000000000000000000000000000000000000000000000000000000000000000000000000000000000,"1,0,0,0","0,136,0,0"
2026-05-16T12:24:35.707,01008900000000000000000000000000000000000000000000000000000000000000000000000000000000000000000000000000000000000000000000000000,"1,0,0,0","0,137,0,0"
2026-05-16T12:24:35.707,01008a00000000000000000000000000000000000000000000000000000000000000000000000000000000000000000000000000000000000000000000000000,"1,0,0,0","0,138,0,0"
2026-05-16T12:24:35.707,01008b00000000000000000000000000000000000000000000000000000000000000000000000000000000000000000000000000000000000000000000000000,"1,0,0,0","0,139,0,0"
2026-05-16T12:24:35.707,01008c00000000000000000000000000000000000000000000000000000000000000000000000000000000000000000000000000000000000000000000000000,"1,0,0,0","0,140,0,0"
2026-05-16T12:24:35.707,01008d00000000000000000000000000000000000000000000000000000000000000000000000000000000000000000000000000000000000000000000000000,"1,0,0,0","0,141,0,0"
2026-05-16T12:24:35.707,01008e00000000000000000000000000000000000000000000000000000000000000000000000000000000000000000000000000000000000000000000000000,"1,0,0,0","0,142,0,0"
2026-05-16T12:24:35.707,01008f00000000000000000000000000000000000000000000000000000000000000000000000000000000000000000000000000000000000000000000000000,"1,0,0,0","0,143,0,0"
2026-05-16T12:24:35.707,01009000000000000000000000000000000000000000000000000000000000000000000000000000000000000000000000000000000000000000000000000000,"1,0,0,0","0,144,0,0"
2026-05-16T12:24:35.707,01009100000000000000000000000000000000000000000000000000000000000000000000000000000000000000000000000000000000000000000000000000,"1,0,0,0","0,145,0,0"
2026-05-16T12:24:35.707,01009200000000000000000000000000000000000000000000000000000000000000000000000000000000000000000000000000000000000000000000000000,"1,0,0,0","0,146,0,0"
2026-05-16T12:24:35.707,01009300000000000000000000000000000000000000000000000000000000000000000000000000000000000000000000000000000000000000000000000000,"1,0,0,0","0,147,0,0"
2026-05-16T12:24:35.707,01009400000000000000000000000000000000000000000000000000000000000000000000000000000000000000000000000000000000000000000000000000,"1,0,0,0","0,148,0,0"
2026-05-16T12:24:35.707,01009500000000000000000000000000000000000000000000000000000000000000000000000000000000000000000000000000000000000000000000000000,"1,0,0,0","0,149,0,0"
2026-05-16T12:24:35.707,01009600000000000000000000000000000000000000000000000000000000000000000000000000000000000000000000000000000000000000000000000000,"1,0,0,0","0,150,0,0"
2026-05-16T12:24:35.707,01009700000000000000000000000000000000000000000000000000000000000000000000000000000000000000000000000000000000000000000000000000,"1,0,0,0","0,151,0,0"
2026-05-16T12:24:35.707,01009800000000000000000000000000000000000000000000000000000000000000000000000000000000000000000000000000000000000000000000000000,"1,0,0,0","0,152,0,0"
2026-05-16T12:24:35.808,01009900000000000000000000000000000000000000000000000000000000000000000000000000000000000000000000000000000000000000000000000000,"1,0,0,0","0,153,0,0"
2026-05-16T12:24:35.808,01009a00000000000000000000000000000000000000000000000000000000000000000000000000000000000000000000000000000000000000000000000000,"1,0,0,0","0,154,0,0"
2026-05-16T12:24:35.808,01009b00000000000000000000000000000000000000000000000000000000000000000000000000000000000000000000000000000000000000000000000000,"1,0,0,0","0,155,0,0"
2026-05-16T12:24:35.808,01009c00000000000000000000000000000000000000000000000000000000000000000000000000000000000000000000000000000000000000000000000000,"1,0,0,0","0,156,0,0"
2026-05-16T12:24:35.808,01009d00000000000000000000000000000000000000000000000000000000000000000000000000000000000000000000000000000000000000000000000000,"1,0,0,0","0,157,0,0"
2026-05-16T12:24:35.808,01009e00000000000000000000000000000000000000000000000000000000000000000000000000000000000000000000000000000000000000000000000000,"1,0,0,0","0,158,0,0"
2026-05-16T12:24:35.808,01009f00000000000000000000000000000000000000000000000000000000000000000000000000000000000000000000000000000000000000000000000000,"1,0,0,0","0,159,0,0"
2026-05-16T12:24:35.808,0100a000000000000000000000000000000000000000000000000000000000000000000000000000000000000000000000000000000000000000000000000000,"1,0,0,0","0,160,0,0"
2026-05-16T12:24:35.808,0100a100000000000000000000000000000000000000000000000000000000000000000000000000000000000000000000000000000000000000000000000000,"1,0,0,0","0,161,0,0"
2026-05-16T12:24:35.908,0100a200000000000000000000000000000000000000000000000000000000000000000000000000000000000000000000000000000000000000000000000000,"1,0,0,0","0,162,0,0"
2026-05-16T12:24:35.908,0100a300000000000000000000000000000000000000000000000000000000000000000000000000000000000000000000000000000000000000000000000000,"1,0,0,0","0,163,0,0"
2026-05-16T12:24:35.908,0100a400000000000000000000000000000000000000000000000000000000000000000000000000000000000000000000000000000000000000000000000000,"1,0,0,0","0,164,0,0"
2026-05-16T12:24:35.908,0100a500000000000000000000000000000000000000000000000000000000000000000000000000000000000000000000000000000000000000000000000000,"1,0,0,0","0,165,0,0"
2026-05-16T12:24:35.908,0100a600000000000000000000000000000000000000000000000000000000000000000000000000000000000000000000000000000000000000000000000000,"1,0,0,0","0,166,0,0"
2026-05-16T12:24:35.908,0100a700000000000000000000000000000000000000000000000000000000000000000000000000000000000000000000000000000000000000000000000000,"1,0,0,0","0,167,0,0"
2026-05-16T12:24:35.908,0100a800000000000000000000000000000000000000000000000000000000000000000000000000000000000000000000000000000000000000000000000000,"1,0,0,0","0,168,0,0"
2026-05-16T12:24:35.908,0100a900000000000000000000000000000000000000000000000000000000000000000000000000000000000000000000000000000000000000000000000000,"1,0,0,0","0,169,0,0"
2026-05-16T12:24:35.908,0100aa00000000000000000000000000000000000000000000000000000000000000000000000000000000000000000000000000000000000000000000000000,"1,0,0,0","0,170,0,0"
2026-05-16T12:24:36.008,0100ab00000000000000000000000000000000000000000000000000000000000000000000000000000000000000000000000000000000000000000000000000,"1,0,0,0","0,171,0,0"
2026-05-16T12:24:36.008,0100ac00000000000000000000000000000000000000000000000000000000000000000000000000000000000000000000000000000000000000000000000000,"1,0,0,0","0,172,0,0"
2026-05-16T12:24:36.008,0100ad00000000000000000000000000000000000000000000000000000000000000000000000000000000000000000000000000000000000000000000000000,"1,0,0,0","0,173,0,0"
2026-05-16T12:24:36.008,0100ae00000000000000000000000000000000000000000000000000000000000000000000000000000000000000000000000000000000000000000000000000,"1,0,0,0","0,174,0,0"
2026-05-16T12:24:36.009,0100af00000000000000000000000000000000000000000000000000000000000000000000000000000000000000000000000000000000000000000000000000,"1,0,0,0","0,175,0,0"
2026-05-16T12:24:36.009,0100b000000000000000000000000000000000000000000000000000000000000000000000000000000000000000000000000000000000000000000000000000,"1,0,0,0","0,176,0,0"
2026-05-16T12:24:36.009,0100b100000000000000000000000000000000000000000000000000000000000000000000000000000000000000000000000000000000000000000000000000,"1,0,0,0","0,177,0,0"
2026-05-16T12:24:36.009,0100b200000000000000000000000000000000000000000000000000000000000000000000000000000000000000000000000000000000000000000000000000,"1,0,0,0","0,178,0,0"
2026-05-16T12:24:36.009,0100b300000000000000000000000000000000000000000000000000000000000000000000000000000000000000000000000000000000000000000000000000,"1,0,0,0","0,179,0,0"
2026-05-16T12:24:36.009,0100b400000000000000000000000000000000000000000000000000000000000000000000000000000000000000000000000000000000000000000000000000,"1,0,0,0","0,180,0,0"
2026-05-16T12:24:36.009,0100b500000000000000000000000000000000000000000000000000000000000000000000000000000000000000000000000000000000000000000000000000,"1,0,0,0","0,181,0,0"
2026-05-16T12:24:36.009,0100b600000000000000000000000000000000000000000000000000000000000000000000000000000000000000000000000000000000000000000000000000,"1,0,0,0","0,182,0,0"
2026-05-16T12:24:36.009,0100b700000000000000000000000000000000000000000000000000000000000000000000000000000000000000000000000000000000000000000000000000,"1,0,0,0","0,183,0,0"
2026-05-16T12:24:36.009,0100b800000000000000000000000000000000000000000000000000000000000000000000000000000000000000000000000000000000000000000000000000,"1,0,0,0","0,184,0,0"
2026-05-16T12:24:36.109,0100b900000000000000000000000000000000000000000000000000000000000000000000000000000000000000000000000000000000000000000000000000,"1,0,0,0","0,185,0,0"
2026-05-16T12:24:36.109,0100ba00000000000000000000000000000000000000000000000000000000000000000000000000000000000000000000000000000000000000000000000000,"1,0,0,0","0,186,0,0"
2026-05-16T12:24:36.109,0100bb00000000000000000000000000000000000000000000000000000000000000000000000000000000000000000000000000000000000000000000000000,"1,0,0,0","0,187,0,0"
2026-05-16T12:24:36.109,0100bc00000000000000000000000000000000000000000000000000000000000000000000000000000000000000000000000000000000000000000000000000,"1,0,0,0","0,188,0,0"
2026-05-16T12:24:36.109,0100bd00000000000000000000000000000000000000000000000000000000000000000000000000000000000000000000000000000000000000000000000000,"1,0,0,0","0,189,0,0"
2026-05-16T12:24:36.209,0100be00000000000000000000000000000000000000000000000000000000000000000000000000000000000000000000000000000000000000000000000000,"1,0,0,0","0,190,0,0"
2026-05-16T12:24:36.710,0100bf00000000000000000000000000000000000000000000000000000000000000000000000000000000000000000000000000000000000000000000000000,"1,0,0,0","0,191,0,0"
2026-05-16T12:24:36.710,0100c000000000000000000000000000000000000000000000000000000000000000000000000000000000000000000000000000000000000000000000000000,"1,0,0,0","0,192,0,0"
2026-05-16T12:24:36.710,0100c100000000000000000000000000000000000000000000000000000000000000000000000000000000000000000000000000000000000000000000000000,"1,0,0,0","0,193,0,0"
2026-05-16T12:24:36.710,0100c200000000000000000000000000000000000000000000000000000000000000000000000000000000000000000000000000000000000000000000000000,"1,0,0,0","0,194,0,0"
2026-05-16T12:24:36.710,0100c300000000000000000000000000000000000000000000000000000000000000000000000000000000000000000000000000000000000000000000000000,"1,0,0,0","0,195,0,0"
2026-05-16T12:24:36.710,0100c400000000000000000000000000000000000000000000000000000000000000000000000000000000000000000000000000000000000000000000000000,"1,0,0,0","0,196,0,0"
2026-05-16T12:24:36.710,0100c500000000000000000000000000000000000000000000000000000000000000000000000000000000000000000000000000000000000000000000000000,"1,0,0,0","0,197,0,0"
2026-05-16T12:24:36.710,0100c600000000000000000000000000000000000000000000000000000000000000000000000000000000000000000000000000000000000000000000000000,"1,0,0,0","0,198,0,0"
2026-05-16T12:24:36.710,0100c700000000000000000000000000000000000000000000000000000000000000000000000000000000000000000000000000000000000000000000000000,"1,0,0,0","0,199,0,0"
2026-05-16T12:24:36.710,0100c800000000000000000000000000000000000000000000000000000000000000000000000000000000000000000000000000000000000000000000000000,"1,0,0,0","0,200,0,0"
2026-05-16T12:24:36.710,0100c900000000000000000000000000000000000000000000000000000000000000000000000000000000000000000000000000000000000000000000000000,"1,0,0,0","0,201,0,0"
2026-05-16T12:24:36.710,0100ca00000000000000000000000000000000000000000000000000000000000000000000000000000000000000000000000000000000000000000000000000,"1,0,0,0","0,202,0,0"
2026-05-16T12:24:36.710,0100cb00000000000000000000000000000000000000000000000000000000000000000000000000000000000000000000000000000000000000000000000000,"1,0,0,0","0,203,0,0"
2026-05-16T12:24:36.710,0100cc00000000000000000000000000000000000000000000000000000000000000000000000000000000000000000000000000000000000000000000000000,"1,0,0,0","0,204,0,0"
2026-05-16T12:24:36.710,0100cd00000000000000000000000000000000000000000000000000000000000000000000000000000000000000000000000000000000000000000000000000,"1,0,0,0","0,205,0,0"
2026-05-16T12:24:36.710,0100ce00000000000000000000000000000000000000000000000000000000000000000000000000000000000000000000000000000000000000000000000000,"1,0,0,0","0,206,0,0"
2026-05-16T12:24:36.710,0100cf00000000000000000000000000000000000000000000000000000000000000000000000000000000000000000000000000000000000000000000000000,"1,0,0,0","0,207,0,0"
2026-05-16T12:24:36.710,0100d000000000000000000000000000000000000000000000000000000000000000000000000000000000000000000000000000000000000000000000000000,"1,0,0,0","0,208,0,0"
2026-05-16T12:24:36.710,0100d100000000000000000000000000000000000000000000000000000000000000000000000000000000000000000000000000000000000000000000000000,"1,0,0,0","0,209,0,0"
2026-05-16T12:24:36.710,0100d200000000000000000000000000000000000000000000000000000000000000000000000000000000000000000000000000000000000000000000000000,"1,0,0,0","0,210,0,0"
2026-05-16T12:24:36.710,0100d300000000000000000000000000000000000000000000000000000000000000000000000000000000000000000000000000000000000000000000000000,"1,0,0,0","0,211,0,0"
2026-05-16T12:24:36.710,0100d400000000000000000000000000000000000000000000000000000000000000000000000000000000000000000000000000000000000000000000000000,"1,0,0,0","0,212,0,0"
2026-05-16T12:24:36.710,0100d500000000000000000000000000000000000000000000000000000000000000000000000000000000000000000000000000000000000000000000000000,"1,0,0,0","0,213,0,0"
2026-05-16T12:24:36.710,0100d600000000000000000000000000000000000000000000000000000000000000000000000000000000000000000000000000000000000000000000000000,"1,0,0,0","0,214,0,0"
2026-05-16T12:24:36.711,0100d700000000000000000000000000000000000000000000000000000000000000000000000000000000000000000000000000000000000000000000000000,"1,0,0,0","0,215,0,0"
2026-05-16T12:24:36.711,0100d800000000000000000000000000000000000000000000000000000000000000000000000000000000000000000000000000000000000000000000000000,"1,0,0,0","0,216,0,0"
2026-05-16T12:24:36.711,0100d900000000000000000000000000000000000000000000000000000000000000000000000000000000000000000000000000000000000000000000000000,"1,0,0,0","0,217,0,0"
2026-05-16T12:24:36.711,0100da00000000000000000000000000000000000000000000000000000000000000000000000000000000000000000000000000000000000000000000000000,"1,0,0,0","0,218,0,0"
2026-05-16T12:24:36.711,0100db00000000000000000000000000000000000000000000000000000000000000000000000000000000000000000000000000000000000000000000000000,"1,0,0,0","0,219,0,0"
2026-05-16T12:24:36.711,0100dc00000000000000000000000000000000000000000000000000000000000000000000000000000000000000000000000000000000000000000000000000,"1,0,0,0","0,220,0,0"
2026-05-16T12:24:36.711,0100dd00000000000000000000000000000000000000000000000000000000000000000000000000000000000000000000000000000000000000000000000000,"1,0,0,0","0,221,0,0"
2026-05-16T12:24:36.711,0100de00000000000000000000000000000000000000000000000000000000000000000000000000000000000000000000000000000000000000000000000000,"1,0,0,0","0,222,0,0"
2026-05-16T12:24:36.711,0100df00000000000000000000000000000000000000000000000000000000000000000000000000000000000000000000000000000000000000000000000000,"1,0,0,0","0,223,0,0"
2026-05-16T12:24:36.711,0100e000000000000000000000000000000000000000000000000000000000000000000000000000000000000000000000000000000000000000000000000000,"1,0,0,0","0,224,0,0"
2026-05-16T12:24:36.711,0100e100000000000000000000000000000000000000000000000000000000000000000000000000000000000000000000000000000000000000000000000000,"1,0,0,0","0,225,0,0"
2026-05-16T12:24:36.711,0100e200000000000000000000000000000000000000000000000000000000000000000000000000000000000000000000000000000000000000000000000000,"1,0,0,0","0,226,0,0"
2026-05-16T12:24:36.711,0100e300000000000000000000000000000000000000000000000000000000000000000000000000000000000000000000000000000000000000000000000000,"1,0,0,0","0,227,0,0"
2026-05-16T12:24:36.711,0100e400000000000000000000000000000000000000000000000000000000000000000000000000000000000000000000000000000000000000000000000000,"1,0,0,0","0,228,0,0"
2026-05-16T12:24:36.711,0100e500000000000000000000000000000000000000000000000000000000000000000000000000000000000000000000000000000000000000000000000000,"1,0,0,0","0,229,0,0"
2026-05-16T12:24:36.811,0100e600000000000000000000000000000000000000000000000000000000000000000000000000000000000000000000000000000000000000000000000000,"1,0,0,0","0,230,0,0"
2026-05-16T12:24:36.811,0100e700000000000000000000000000000000000000000000000000000000000000000000000000000000000000000000000000000000000000000000000000,"1,0,0,0","0,231,0,0"
2026-05-16T12:24:36.811,0100e800000000000000000000000000000000000000000000000000000000000000000000000000000000000000000000000000000000000000000000000000,"1,0,0,0","0,232,0,0"
2026-05-16T12:24:36.811,0100e900000000000000000000000000000000000000000000000000000000000000000000000000000000000000000000000000000000000000000000000000,"1,0,0,0","0,233,0,0"
2026-05-16T12:24:36.811,0100ea00000000000000000000000000000000000000000000000000000000000000000000000000000000000000000000000000000000000000000000000000,"1,0,0,0","0,234,0,0"
2026-05-16T12:24:36.811,0100eb00000000000000000000000000000000000000000000000000000000000000000000000000000000000000000000000000000000000000000000000000,"1,0,0,0","0,235,0,0"
2026-05-16T12:24:36.811,0100ec00000000000000000000000000000000000000000000000000000000000000000000000000000000000000000000000000000000000000000000000000,"1,0,0,0","0,236,0,0"
2026-05-16T12:24:36.811,0100ed00000000000000000000000000000000000000000000000000000000000000000000000000000000000000000000000000000000000000000000000000,"1,0,0,0","0,237,0,0"
2026-05-16T12:24:36.811,0100ee00000000000000000000000000000000000000000000000000000000000000000000000000000000000000000000000000000000000000000000000000,"1,0,0,0","0,238,0,0"
2026-05-16T12:24:36.811,0100ef00000000000000000000000000000000000000000000000000000000000000000000000000000000000000000000000000000000000000000000000000,"1,0,0,0","0,239,0,0"
2026-05-16T12:24:36.811,0100f000000000000000000000000000000000000000000000000000000000000000000000000000000000000000000000000000000000000000000000000000,"1,0,0,0","0,240,0,0"
2026-05-16T12:24:36.811,0100f100000000000000000000000000000000000000000000000000000000000000000000000000000000000000000000000000000000000000000000000000,"1,0,0,0","0,241,0,0"
2026-05-16T12:24:36.811,0100f200000000000000000000000000000000000000000000000000000000000000000000000000000000000000000000000000000000000000000000000000,"1,0,0,0","0,242,0,0"
2026-05-16T12:24:36.811,0100f300000000000000000000000000000000000000000000000000000000000000000000000000000000000000000000000000000000000000000000000000,"1,0,0,0","0,243,0,0"
2026-05-16T12:24:36.811,0100f400000000000000000000000000000000000000000000000000000000000000000000000000000000000000000000000000000000000000000000000000,"1,0,0,0","0,244,0,0"
2026-05-16T12:24:36.811,0100f500000000000000000000000000000000000000000000000000000000000000000000000000000000000000000000000000000000000000000000000000,"1,0,0,0","0,245,0,0"
2026-05-16T12:24:36.811,0100f600000000000000000000000000000000000000000000000000000000000000000000000000000000000000000000000000000000000000000000000000,"1,0,0,0","0,246,0,0"
2026-05-16T12:24:36.811,0100f700000000000000000000000000000000000000000000000000000000000000000000000000000000000000000000000000000000000000000000000000,"1,0,0,0","0,247,0,0"
2026-05-16T12:24:36.811,0100f800000000000000000000000000000000000000000000000000000000000000000000000000000000000000000000000000000000000000000000000000,"1,0,0,0","0,248,0,0"
2026-05-16T12:24:36.811,0100f900000000000000000000000000000000000000000000000000000000000000000000000000000000000000000000000000000000000000000000000000,"1,0,0,0","0,249,0,0"
2026-05-16T12:24:36.811,0100fa00000000000000000000000000000000000000000000000000000000000000000000000000000000000000000000000000000000000000000000000000,"1,0,0,0","0,250,0,0"
2026-05-16T12:24:36.811,0100fb00000000000000000000000000000000000000000000000000000000000000000000000000000000000000000000000000000000000000000000000000,"1,0,0,0","0,251,0,0"
2026-05-16T12:24:36.811,0100fc00000000000000000000000000000000000000000000000000000000000000000000000000000000000000000000000000000000000000000000000000,"1,0,0,0","0,252,0,0"
2026-05-16T12:24:36.811,0100fd00000000000000000000000000000000000000000000000000000000000000000000000000000000000000000000000000000000000000000000000000,"1,0,0,0","0,253,0,0"
2026-05-16T12:24:36.811,0100fe00000000000000000000000000000000000000000000000000000000000000000000000000000000000000000000000000000000000000000000000000,"1,0,0,0","0,254,0,0"
2026-05-16T12:24:36.811,0100ff00000000000000000000000000000000000000000000000000000000000000000000000000000000000000000000000000000000000000000000000000,"1,0,0,0","0,255,0,0"
